{"cameraMode":{"drawMode":0,"name":"Shaded","section":"Shading Mode"},"sceneLighting":false,"audioPlay":false,"sceneViewState":{"showFog":true,"showMaterialUpdate":false,"showSkybox":false,"showFlares":true,"showImageEffects":true,"showParticleSystems":true,"showVisualEffectGraphs":true,"m_FxEnabled":true},"in2DMode":false,"pivot":{"x":0.014481693506240845,"y":0.26415401697158816,"z":0.18796342611312867},"rotation":{"x":0.04018019884824753,"y":-0.0024024094454944135,"z":-0.00011160555004607886,"w":-0.9992162585258484},"size":0.6477748155593872,"orthographic":false}