{"cameraMode":{"drawMode":0,"name":"Shaded","section":"Shading Mode"},"sceneLighting":true,"audioPlay":false,"sceneViewState":{"showFog":true,"showMaterialUpdate":false,"showSkybox":true,"showFlares":true,"showImageEffects":true,"showParticleSystems":true,"showVisualEffectGraphs":true,"m_FxEnabled":true},"in2DMode":false,"pivot":{"x":3.2412493228912355,"y":2.147435188293457,"z":0.11406248807907105},"rotation":{"x":0.6202660202980042,"y":0.04698015749454498,"z":-0.03726405277848244,"w":0.7821092009544373},"size":39.512874603271487,"orthographic":false}