{"cameraMode":{"drawMode":0,"name":"Shaded","section":"Shading Mode"},"sceneLighting":true,"audioPlay":false,"sceneViewState":{"showFog":true,"showMaterialUpdate":false,"showSkybox":true,"showFlares":true,"showImageEffects":true,"showParticleSystems":true,"showVisualEffectGraphs":true,"m_FxEnabled":true},"in2DMode":false,"pivot":{"x":-0.014705061912536621,"y":3.4810004234313967,"z":2.8367481231689455},"rotation":{"x":0.012126264162361622,"y":0.9861158132553101,"z":-0.08333443105220795,"w":0.14329098165035249},"size":1.3126399517059327,"orthographic":false}